"Site","Site_code","Date","Depth_m","Distance","Dry_start","Dry_end","HIX","BIX","FI","Peak_A","Peak_T","A_T","a254_m","SUVA254","d18O_VSMOW","d2H_VSMOW","D_excess","DOC_mgL","DON_mgL","DN_mgL","NO3NO2_ugL","NH4_ugL","SRP_ugL","Chla_ugL"
50,"P2",2024-05-22,0.1,1527.3528,NA,NA,2.375131077,0.707169379,1.473058899,0.18845954,0.121023479,1.557214704,12.2059,3.58997058823529,-4.995549025,-30.47053979,9.49385241,3.4,0.259,0.27,2,9,5,1.45245
50,"P2",2024-05-22,1.5,1527.3528,NA,NA,3.143223121,0.712686986,1.468947893,0.190048785,0.069756674,2.724453072,12.6665,3.72544117647059,-5.114038908,-31.13485821,9.777453054,3.4,0.041,0.05,1,8,7,NA
50,"P2",2024-05-22,6,1527.3528,NA,NA,4.135548636,0.666203795,1.49191883,0.225347402,0.07277182,3.096630024,12.8968,4.03025,-5.334660637,-31.28004,11.397245096,3.2,0.042,0.05,2,6,6,NA
50,"P2",2024-05-22,9,1527.3528,NA,NA,6.192193663,0.65531959,1.48606823,0.235049056,0.055778988,4.213935436,11.2847,4.51388,-5.193265165,-33.04606175,8.50005957,2.5,-0.021,0.06,69,12,10,NA
50,"P2",2024-05-22,20,1527.3528,NA,NA,6.474405058,0.656928974,1.481236698,0.240330354,0.056100257,4.283943921,10.8241,4.51004166666667,-5.378505489,-31.81401715,11.214026762,2.4,0.132,0.3,157,11,5,NA
50,"P2",2024-06-19,0.1,1527.3528,103.632,178.6128,1.728875221,0.769480817,1.424720719,0.202716532,0.119343391,1.698598721,15.4301,3.67383333333333,-4.669238505,-28.49812266,8.85578538,4.2,0.45,0.49,4,36,4,0.9547
50,"P2",2024-06-19,1.5,1527.3528,103.632,178.6128,2.41591183,0.73320604,1.511189639,0.168427439,0.094049287,1.790842269,11.2847,3.2242,-4.571451035,-28.69572777,7.87588051,3.5,0.222,0.235,1,12,7.5,NA
50,"P2",2024-06-19,6,1527.3528,103.632,178.6128,4.992861787,0.675247704,1.547859983,0.2398043,0.066908298,3.584074139,11.7453,3.55918181818182,-5.131117869,-32.44205914,8.606883812,3.3,0.192,0.2,1,7,5,NA
50,"P2",2024-06-19,9,1527.3528,103.632,178.6128,4.135721691,0.677721931,1.502780728,0.254592471,0.095770588,2.658357611,11.515,5.23409090909091,-5.34318914,-32.63149556,10.11401756,2.2,0.182,0.24,48,10,5,NA
50,"P2",2024-06-19,20,1527.3528,103.632,178.6128,4.944038052,0.662804257,1.469982641,0.25960809,0.068850794,3.770589649,12.2059,6.10295,-5.49437516,-32.02899032,11.92601096,2,0.139,0.29,133,18,5,NA
50,"P2",2024-07-11,0.1,1527.3528,68.58,202.692,2.351465775,0.729421994,1.486790168,0.162116985,0.093783593,1.728628424,10.5938,3.3105625,-4.313957944,-26.79143872,7.720224832,3.2,0.226,0.24,2,12,6,0.8592
50,"P2",2024-07-11,1.5,1527.3528,68.58,202.692,2.758133507,0.757702561,1.447295829,0.150325707,0.068242271,2.202823905,9.9029,3.41479310344828,-4.302495184,-27.04437644,7.375585032,2.9,0.036,0.05,1,13,6,NA
50,"P2",2024-07-11,6,1527.3528,68.58,202.692,2.256142774,0.733707276,1.528743396,0.197195341,0.119750261,1.646721605,11.7453,3.7888064516129,-4.457052345,-27.81141748,7.84500128,3.1,0.174,0.18,1,5,6,NA
50,"P2",2024-07-11,9,1527.3528,68.58,202.692,5.483048225,0.680817055,1.51508984,0.250597129,0.068902039,3.637006003,10.3635,2.961,-5.154617492,-31.62354887,9.613391066,3.5,0.221,0.3,53,26,12,NA
50,"P2",2024-07-11,20,1527.3528,68.58,202.692,5.606772013,0.643146051,1.492872311,0.311515878,0.081208797,3.835986856,13.818,6.00782608695652,-5.226853441,-32.25823669,9.55659083800001,2.3,0.14,0.44,8,292,6,NA
50,"P2",2024-08-14,0.1,1527.3528,68.58,231.648,2.701299188,0.745461977,1.474711682,0.134848161,0.062843668,2.145771653,8.7514,3.50056,-4.045379272,-26.19895807,6.164076106,2.5,0.154,0.16,2,4,3,1.7184
50,"P2",2024-08-14,1.5,1527.3528,68.58,231.648,2.666328282,0.755918824,1.494673721,0.146159347,0.071214818,2.052372679,9.6726,2.84488235294118,-4.063604914,-26.13867297,6.370166342,3.4,0.17,0.18,0,10,5,NA
50,"P2",2024-08-14,6,1527.3528,68.58,231.648,3.855229463,0.720693025,1.577162865,0.207765102,0.076175249,2.727462084,10.1332,3.89738461538462,-4.430674841,-27.98227201,7.463126718,2.6,0.21,0.22,2,8,4,NA
50,"P2",2024-08-14,9,1527.3528,68.58,231.648,5.468693285,0.691360499,1.516101683,0.252072183,0.068739202,3.667080456,10.1332,3.49420689655172,-5.064380275,-31.00289898,9.51214322,2.9,-0.014,0.06,64,10,1,NA
50,"P2",2024-08-14,20,1527.3528,68.58,231.648,4.605661962,0.64413299,1.538559677,0.363958236,0.124744144,2.917637858,14.2786,3.85908108108108,-5.348673552,-32.38188049,10.407507926,3.7,1.012,2.21,28,1170,6,NA
50,"P2",2024-09-16,0.1,1527.3528,0.9144,326.7456,2.017964327,0.802629862,1.468285053,0.157318365,0.090912423,1.730438594,9.9029,2.8294,-3.737797354,-25.08782447,4.814554362,3.5,0.198,0.22,3,19,14,2.6557
50,"P2",2024-09-16,1.5,1527.3528,0.9144,326.7456,2.361814485,0.784913545,1.493943286,0.142964464,0.077771861,1.83825437,8.9817,2.42748648648649,-3.72577222,-25.76587555,4.04030221,3.7,0.231,0.25,3,16,11,NA
50,"P2",2024-09-16,6,1527.3528,0.9144,326.7456,2.461477649,0.784364275,1.470037994,0.140307292,0.07174804,1.955555752,8.7514,2.57394117647059,-3.760951552,-25.17475767,4.912854746,3.4,0.22,0.23,0,10,6,NA
50,"P2",2024-09-16,9,1527.3528,0.9144,326.7456,6.099495267,0.699294536,1.538044564,0.227861448,0.056680635,4.020093395,8.2908,3.18876923076923,-5.379984999,-30.34092612,12.698953872,2.6,0.142,0.25,95,13,5,NA
50,"P2",2024-09-16,20,1527.3528,0.9144,326.7456,5.554010723,0.650415303,1.553944202,0.431508615,0.124396976,3.468803087,15.4301,6.70873913043478,-5.315001411,-32.26051083,10.259500458,2.3,0.586,2.94,4,2350,5,NA
50,"P2",2024-09-30,0.1,1527.3528,NA,NA,2.748953088,0.741398791,1.49484657,0.196535805,0.101173798,1.942556356,11.515,4.26481481481482,-3.917560023,-24.66462967,6.675850514,2.7,0.188,0.22,4,28,7,NA
50,"P2",2024-09-30,1.5,1527.3528,NA,NA,3.430892708,0.704307398,1.488512457,0.171916229,0.068894552,2.495353028,10.1332,2.5333,-3.892138372,-24.91053209,6.226574886,4,0.224,0.23,0,6,5,NA
50,"P2",2024-09-30,6,1527.3528,NA,NA,4.621271359,0.647905488,1.497850086,0.233036853,0.066371169,3.511115691,12.8968,3.39389473684211,-4.037124089,-25.22749745,7.069495262,3.8,0.216,0.23,6,8,7,NA
50,"P2",2024-09-30,9,1527.3528,NA,NA,6.350241769,0.627674331,1.481743611,0.309535357,0.068546304,4.515711835,13.5877,3.99638235294118,-4.735762059,-29.40529406,8.480802412,3.4,0.398,0.49,79,13,2,NA
50,"P2",2024-09-30,20,1527.3528,NA,NA,6.159369147,0.695969409,1.553312738,0.28753704,0.075084432,3.829516099,10.3635,4.71068181818182,-5.267003863,-32.38554149,9.750489414,2.2,0.17,0.73,67,493,7,NA
50,"P2",2024-10-28,0.1,1527.3528,82.296,196.2912,4.60909537,0.680028901,1.467739825,0.263965511,0.083582664,3.158137076,13.1271,3.54786486486486,-4.105390998,-26.97441525,5.868712734,3.7,0.171,0.2,14,15,5,9.2169
50,"P2",2024-10-28,1.5,1527.3528,82.296,196.2912,4.834232203,0.694259637,1.453597412,0.268239008,0.075397135,3.557681687,13.3574,4.04769696969697,-4.315483987,-26.31358028,8.210291616,3.3,0.356,0.38,10,14,6,NA
50,"P2",2024-10-28,6,1527.3528,82.296,196.2912,4.356770922,0.684806368,1.463902162,0.262351448,0.089182866,2.941724791,13.1271,3.7506,-4.194839137,-26.67381021,6.884902886,3.5,0.04,0.06,12,8,5,NA
50,"P2",2024-10-28,9,1527.3528,82.296,196.2912,4.720333081,0.679484409,1.455561591,0.261925551,0.078419032,3.340076332,13.1271,4.10221875,-4.209619075,-26.86579562,6.81115698,3.2,0.021,0.06,30,9,4,NA
50,"P2",2024-10-28,20,1527.3528,82.296,196.2912,5.442796816,0.711274374,1.572000821,0.311223784,0.085583184,3.636506245,12.8968,4.96030769230769,-5.122379853,-31.04597888,9.933059944,2.6,0.15,0.6,107,343,7,NA
50,"P2",2024-12-17,0.1,1527.3528,NA,NA,4.094174075,0.736912236,1.497431276,0.249115338,0.079022327,3.152467742,11.515,4.1125,-4.295507469,-27.08981596,7.274243792,2.8,0.159,0.2,30,11,5,6.8736
50,"P2",2024-12-17,1.5,1527.3528,NA,NA,4.587578123,0.719380457,1.456934107,0.246045464,0.073581901,3.343831303,11.515,3.29,-4.212791563,-26.57145125,7.130881254,3.5,0.234,0.28,32,14,2,NA
50,"P2",2024-12-17,6,1527.3528,NA,NA,4.609684525,0.705550249,1.445367272,0.246625002,0.073642476,3.348950426,11.515,3.97068965517241,-4.317596011,-26.97799108,7.562777008,2.9,0.151,0.2,33,16,0,NA
50,"P2",2024-12-17,9,1527.3528,NA,NA,4.662489902,0.70380309,1.45046042,0.242432345,0.073201623,3.311843862,11.515,3.03026315789474,-4.351254554,-26.24308638,8.566950052,3.8,0.276,0.32,34,10,2,NA
50,"P2",2024-12-17,20,1527.3528,NA,NA,4.988804282,0.683752644,1.560017852,0.290153219,0.082843672,3.502418602,13.5877,4.68541379310345,-4.710753688,-29.49029811,8.195731394,2.9,0.144,0.28,85,51,1,NA
50,"P2",2025-02-26,0.1,1527.3528,NA,NA,2.430638119,0.671574628,1.478143072,0.270080105,0.137946511,1.957861082,13.818,4.318125,-5.080880905,-31.04948886,9.59755838,3.2,0.158,0.26,92,10,2,3.4368
50,"P2",2025-02-26,1.5,1527.3528,NA,NA,3.861323283,0.664901812,1.439567102,0.263254426,0.085633337,3.074204911,14.9695,4.40279411764706,-5.083199741,-30.95400004,9.711597888,3.4,0.244,0.35,94,12,0,NA
50,"P2",2025-02-26,6,1527.3528,NA,NA,4.294344768,0.669852276,1.453357537,0.251412928,0.077981452,3.2240093,12.8968,4.29893333333333,-5.298035279,-30.50215973,11.882122502,3,0.138,0.24,94,8,2,NA
50,"P2",2025-02-26,9,1527.3528,NA,NA,5.848667207,0.649783346,1.428531642,0.255068107,0.062930106,4.053196819,12.6665,3.42337837837838,-5.262980997,-30.9514191,11.152428876,3.7,0.166,0.27,96,8,2,NA
50,"P2",2025-02-26,20,1527.3528,NA,NA,5.171457261,0.654851446,1.450619658,0.247715137,0.062909261,3.937657735,12.8968,4.03025,-5.229992029,-30.50043364,11.339502592,3.2,0.173,0.28,96,11,0,NA
50,"P2",2025-04-16,0.1,1527.3528,NA,NA,1.706263116,0.691910109,1.417384401,0.223954475,0.094060511,2.380961723,14.2786,5.94941666666667,-5.05623072,-30.85248669,9.59735907,2.4,0.201,0.21,0,9,0,3.9523
50,"P2",2025-04-16,1.5,1527.3528,NA,NA,2.988154325,0.677727959,1.419123325,0.222407258,0.10622857,2.093667057,13.1271,3.54786486486486,-5.220153245,-31.04323989,10.71798607,3.7,0.198,0.21,1,11,9,NA
50,"P2",2025-04-16,6,1527.3528,NA,NA,4.008178461,0.674568554,1.411906532,0.220826745,0.084497413,2.613414269,13.3574,3.42497435897436,-5.110019811,-31.01839864,9.861759848,3.9,0.193,0.2,1,6,0,NA
50,"P2",2025-04-16,9,1527.3528,NA,NA,4.342351265,0.664135717,1.442036893,0.252758771,0.089463369,2.825276687,13.3574,3.42497435897436,-5.047029338,-32.37741276,7.998821944,3.9,0.189,0.26,55,16,5,NA
50,"P2",2025-04-16,20,1527.3528,NA,NA,3.463824158,0.663839421,1.457915692,0.261707981,0.080519634,3.250238059,13.1271,3.64641666666667,-5.494249823,-30.97198866,12.982009924,3.6,0.171,0.33,87,72,0,NA
88,"P1",2024-05-22,0.1,1013.7648,NA,NA,2.168426172,0.706902332,1.479407592,0.202976526,0.133109363,1.524885407,13.5877,4.38312903225806,-5.060790748,-30.80309838,9.683227604,3.1,0.205,0.21,0,5,5,3.2936
88,"P1",2024-05-22,1.5,1013.7648,NA,NA,3.365311345,0.705057132,1.47604044,0.175652178,0.063917698,2.748099259,11.9756,3.4216,-5.023560092,-30.91526308,9.273217656,3.5,0.207,0.21,0,3,8,NA
88,"P1",2024-05-22,6,1013.7648,NA,NA,4.057523,0.68609475,1.502008026,0.211733394,0.068672584,3.083230349,12.4362,3.8863125,-5.288899437,-31.50302213,10.808173366,3.2,0.182,0.19,4,4,1,NA
88,"P1",2024-05-22,9,1013.7648,NA,NA,4.212898834,0.695525366,1.460044388,0.245583241,0.084974647,2.890076622,12.8968,4.4471724137931,-5.43237469,-32.51076958,10.94822794,2.9,0.154,0.23,56,20,7,NA
88,"P1",2024-05-22,13,1013.7648,NA,NA,5.792792912,0.665680073,1.49104651,0.237488171,0.06027827,3.939863736,11.2847,4.51388,-5.474781844,-32.11288204,11.685372712,2.5,0.138,0.27,118,14,7,NA
88,"P1",2024-06-19,0.1,1013.7648,103.632,178.6128,2.816692731,0.758254917,1.476607619,0.156451401,0.068827394,2.273097831,11.2847,3.76156666666667,-4.694803804,-28.65249446,8.905935972,3,0.197,0.21,6,7,4,0.8592
88,"P1",2024-06-19,1.5,1013.7648,103.632,178.6128,2.897329333,0.750736064,1.471517731,0.150835459,0.070689685,2.133769024,11.0544,3.6848,-4.541424162,-29.05957107,7.271822226,3,0.212,0.22,4,4,6,NA
88,"P1",2024-06-19,6,1013.7648,103.632,178.6128,4.5648013055,0.6994008635,1.5434900075,0.22017824,0.066464226,3.330278949,11.7453,3.55918181818182,-5.20173606,-31.19403295,10.41985553,3.3,0.196,0.2,0,4,5,NA
88,"P1",2024-06-19,9,1013.7648,103.632,178.6128,4.417030324,0.695980035,1.504330519,0.24024012,0.082035023,2.928506783,11.9756,7.98373333333333,-5.292103913,-32.2327066,10.104124704,1.5,0.146,0.16,11,3,6,NA
88,"P1",2024-06-19,13,1013.7648,103.632,178.6128,4.283052417,0.680397808,1.465550805,0.250771043,0.091642966,2.736391617,11.515,3.19861111111111,-5.450574185,-31.93923,11.66536348,3.6,0.392,0.53,91,47,6,NA
88,"P1",2024-07-11,0.1,1013.7648,68.58,202.692,2.719729069,0.769581059,1.45299303,0.147851075,0.072889522,2.028427015,10.8241,3.49164516129032,-4.320213901,-26.87063304,7.691078168,3.1,0.215,0.22,0,5,8,1.2888
88,"P1",2024-07-11,1.5,1013.7648,68.58,202.692,2.215772269,0.75530734,1.466565488,0.162114542,0.1030513,1.573144076,11.0544,3.56593548387097,-4.358996612,-26.98818553,7.883787366,3.1,0.1365,0.155,3,15.5,4,NA
88,"P1",2024-07-11,6,1013.7648,68.58,202.692,3.876094877,0.722594837,1.539001813,0.254041844,0.081948247,3.100027802,14.0483,4.13185294117647,-5.143037993,-31.16854697,9.975756974,3.4,0.1885,0.195,0.5,6,3,NA
88,"P1",2024-07-11,9,1013.7648,68.58,202.692,4.809681686,0.6913363835,1.508056887,0.260488859,0.0878654225,2.9762912795,12.2059,4.06863333333333,-5.318586084,-32.38302707,10.165661602,3,0.16,0.21,43,7,6,NA
88,"P1",2024-07-11,12,1013.7648,68.58,202.692,6.47757331,0.680204935,1.466322134,0.25215189,0.061858074,4.076297136,11.0544,4.09422222222222,-5.455469451,-31.7338615,11.909894108,2.7,0.145,0.25,95,10,3,NA
88,"P1",2024-08-14,0.1,1013.7648,68.58,231.648,2.923585555,0.760482465,1.462052293,0.132662944,0.066317585,2.000418785,9.212,5.7575,-4.095135993,-26.10662293,6.654465014,1.6,0.148,0.15,2,0,0,1.7184
88,"P1",2024-08-14,1.5,1013.7648,68.58,231.648,2.637577407,0.758143004,1.446958685,0.138765484,0.074277423,1.868205415,10.1332,3.619,-4.047212939,-26.35351415,6.024189362,2.8,0.17,0.17,0,0,5,NA
88,"P1",2024-08-14,6,1013.7648,68.58,231.648,2.3321626585,0.73647484,1.5204842235,0.1904418365,0.1182212155,1.752831341,11.39985,3.4545,-4.203028837,-27.12828586,6.495944836,3.3,0.211,0.22,1,8,7,NA
88,"P1",2024-08-14,9,1013.7648,68.58,231.648,4.982283004,0.680221362,1.537019625,0.25701512,0.075171198,3.419063775,10.8241,3.73244827586207,-5.202572515,-31.33431816,10.28626196,2.9,0.194,0.28,78,8,6,NA
88,"P1",2024-08-14,10,1013.7648,68.58,231.648,5.69139721,0.676743732,1.514808059,0.262798144,0.066116456,3.974776624,11.0544,8.50338461538461,-5.175320198,-32.00757751,9.394984074,1.3,0.124,0.21,79,7,4,NA
88,"P1",2024-09-16,0.1,1013.7648,0.9144,326.7456,2.376922725,0.806760085,1.409611412,0.13681837,0.077308567,1.76976984,9.4423,2.95071875,-3.889834747,-24.93429287,6.184385106,3.2,0.204,0.21,4,2,6,3.2936
88,"P1",2024-09-16,1.5,1013.7648,0.9144,326.7456,2.2031142055,0.8110526935,1.449045798,0.132291525,0.091397883,1.485961034,9.32715,5.48655882352941,-3.719594057,-24.68691696,5.069835496,1.7,0.157,0.17,1,12,7,NA
88,"P1",2024-09-16,6,1013.7648,0.9144,326.7456,1.583469403,0.881407048,1.45679403,0.146683978,0.192815431,0.760748123,9.6726,4.03025,-3.754355352,-25.20070549,4.834137326,2.4,0.182,0.19,0,8,5,NA
88,"P1",2024-09-16,9,1013.7648,0.9144,326.7456,5.718733912,0.695258157,1.533286645,0.240585934,0.06200874,3.879871358,10.1332,3.82384905660377,-5.123813661,-31.36666229,9.623846998,2.65,0.1515,0.255,97,6.5,3.5,NA
88,"P1",2024-09-16,10,1013.7648,0.9144,326.7456,5.416307035,0.694237508,1.539007472,0.262345602,0.083861767,3.128309993,10.3635,3.83833333333333,-5.394602583,-31.92978283,11.227037834,2.7,0.148,0.28,120,12,8,NA
88,"P1",2024-09-30,0.1,1013.7648,NA,NA,2.572104541,0.741841089,1.466932212,0.1797447,0.081406503,2.20798945,12.2059,3.39052777777778,-4.071325938,-24.77789222,7.792715284,3.6,0.19,0.2,0,10,6,4.7256
88,"P1",2024-09-30,1.5,1013.7648,NA,NA,3.067037869,0.731589112,1.451772198,0.171875813,0.074984072,2.29216429,11.0544,3.4545,-4.174827382,-24.44959361,8.949025446,3.2,0.204,0.21,0,6,5,NA
88,"P1",2024-09-30,6,1013.7648,NA,NA,3.019671418,0.6712666355,1.474560137,0.288674575,0.1857638215,2.059398108,16.92705,4.97854411764706,-3.96917092,-25.73963118,6.01373618,3.4,0.179,0.19,7,4,0,NA
88,"P1",2024-09-30,9,1013.7648,NA,NA,4.56405052,0.691650231,1.49330096,0.285162407,0.092144363,3.094735224,13.1271,4.86188888888889,-4.864794558,-29.9368444,8.981512064,2.7,0.125,0.23,100,5,4,NA
88,"P1",2024-09-30,11,1013.7648,NA,NA,5.907027558,0.679045404,1.508901512,0.26891618,0.0622917,4.317046722,11.0544,3.56593548387097,-5.364313474,-31.01285504,11.901652752,3.1,0.185,0.32,125,10,6,NA
88,"P1",2024-10-28,0.1,1013.7648,82.296,196.2912,4.285434467,0.686335676,1.454759435,0.252392531,0.085327406,2.957930446,12.8968,3.6848,-4.230078297,-26.01435309,7.826273286,3.5,0.223,0.24,11,6,3,5.1552
88,"P1",2024-10-28,1.5,1013.7648,82.296,196.2912,4.005209465,0.708473625,1.464973752,0.240984053,0.080158803,3.00633298,13.5877,3.396925,-4.274132298,-25.91904163,8.274016754,4,0.237,0.25,10,3,4,NA
88,"P1",2024-10-28,6,1013.7648,82.296,196.2912,4.761037709,0.692123926,1.468165186,0.267516142,0.080784549,3.311476574,13.5877,4.68541379310345,-4.231797641,-26.10177664,7.752604488,2.9,0.189,0.205,9.5,6.5,3.5,NA
88,"P1",2024-10-28,9,1013.7648,82.296,196.2912,4.944587021,0.676874352,1.464645412,0.262212665,0.078384834,3.345196399,13.1271,4.10221875,-4.393921536,-26.8653873,8.285984988,3.2,0.211,0.25,35,4,4,NA
88,"P1",2024-10-28,11,1013.7648,82.296,196.2912,4.903825288,0.692099937,1.486776582,0.27200862,0.080894136,3.362525791,13.3574,4.30883870967742,-4.543279241,-27.91121693,8.435016998,3.1,0.187,0.28,84,9,7,NA
88,"P1",2024-12-17,0.1,1013.7648,NA,NA,4.561909269,0.717526824,1.47244462,0.243957592,0.071609023,3.406799604,11.7453,3.50605970149254,-4.232129536,-26.80870392,7.048332368,3.35,0.216,0.26,32,12,2,6.0144
88,"P1",2024-12-17,1.5,1013.7648,NA,NA,4.683042839,0.717756062,1.41782706,0.243807893,0.076439942,3.189535297,11.7453,3.17440540540541,-4.207403941,-26.37589516,7.283336368,3.7,0.224,0.27,33,13,0,NA
88,"P1",2024-12-17,6,1013.7648,NA,NA,4.503315562,0.698847752,1.476659559,0.238671015,0.071635165,3.331757753,11.2847,3.17878873239437,-4.250078257,-26.4044799,7.596146156,3.55,0.247,0.29,29.5,13.5,2,NA
88,"P1",2024-12-17,9,1013.7648,NA,NA,4.888170823,0.7131134235,1.465094396,0.2408329695,0.0732372645,3.2949636235,11.2847,3.52646875,-4.292249901,-26.76305969,7.574939518,3.2,0.204,0.25,31,15,0,NA
88,"P1",2024-12-17,11,1013.7648,NA,NA,4.641062914,0.72316501,1.45231664,0.237383476,0.072837589,3.25907926,11.0544,2.98767567567568,-4.236059253,-26.82658472,7.061889304,3.7,0.263,0.31,32,15,0,NA
88,"P1",2025-02-26,0.1,1013.7648,NA,NA,4.696369975,0.644542323,1.445921234,0.261818977,0.074266673,3.525389877,13.818,4.318125,-5.259120309,-31.1544671,10.918495372,3.2,0.203,0.3,89,8,7,3.4368
88,"P1",2025-02-26,1.5,1013.7648,NA,NA,3.598925712,0.653298841,1.463482008,0.278849835,0.112623997,2.475936229,14.5089,3.86904,-5.309116829,-30.42924267,12.043691962,3.75,0.1845,0.285,92.5,8,2.5,NA
88,"P1",2025-02-26,6,1013.7648,NA,NA,5.575027469,0.638869826,1.442179832,0.267351426,0.067624867,3.953448451,13.5877,3.01948888888889,-5.200887628,-31.10630182,10.500799204,4.5,0.303,0.4,85,12,0,NA
88,"P1",2025-02-26,9,1013.7648,NA,NA,4.780171098,0.657664593,1.47392389,0.278341629,0.073133393,3.805944398,14.0483,4.32255384615385,-5.116398386,-31.23212193,9.699065158,3.25,0.175,0.285,95.5,14.5,1,NA
88,"P1",2025-02-26,12,1013.7648,NA,NA,5.160696221,0.653087051,1.458914698,0.2610111285,0.069498778,3.7568954245,13.70285,4.42027419354839,-5.294657185,-30.75892044,11.59833704,3.1,0.148,0.25,93,9,0,NA
88,"P1",2025-04-16,0.1,1013.7648,NA,NA,3.926542411,0.67240052,1.426345336,0.219336176,0.080645413,2.719760085,13.1271,3.86091176470588,-5.268656432,-31.07309951,11.076151946,3.4,0.203,0.21,1,6,2,3.6086
88,"P1",2025-04-16,1.5,1013.7648,NA,NA,4.262635826,0.672657376,1.419775735,0.21839953,0.0757958,2.881419935,12.8968,4.16025806451613,-5.419727813,-30.37131648,12.986506024,3.1,0.171,0.18,0,9,0,NA
88,"P1",2025-04-16,6,1013.7648,NA,NA,4.4727000255,0.6641097325,1.4185593705,0.222088632,0.074711392,2.9726207735,13.1271,3.59646575342466,-5.333295574,-30.21322766,12.453136932,3.65,0.1875,0.195,1,6.5,0,NA
88,"P1",2025-04-16,9,1013.7648,NA,NA,4.88802404,0.654786996,1.459080745,0.244365502,0.074811189,3.266429869,12.6665,4.87173076923077,-5.50188961,-30.76058202,13.25453486,2.6,0.187,0.26,59,14,1,NA
88,"P1",2025-04-16,12,1013.7648,NA,NA,5.4978592825,0.65541953,1.46568836,0.257155883,0.07416993,3.505125642,12.8968,4.03025,-5.365502587,-31.50381622,11.420204476,3.2,0.219,0.33,78,33,0,NA
90,"C2",2024-05-22,0.1,561.7464,NA,NA,3.172375442,0.672189713,1.425093793,0.164157698,0.063497623,2.585257363,11.515,2.9525641025641,-4.936379838,-30.54115201,8.949886694,3.9,0.247,0.25,1,2,8,6.0553
90,"C2",2024-05-22,6,561.7464,NA,NA,4.381018995,0.672130931,1.466901842,0.228488118,0.070508331,3.240583278,12.4362,4.01167741935484,-5.339706258,-32.15692101,10.560729054,3.1,0.196,0.21,9,5,6,NA
90,"C2",2024-06-19,0.1,561.7464,103.632,178.6128,2.8944095205,0.7388893265,1.45741627,0.1578519375,0.07197562,2.1998994875,11.515,3.11216216216216,-4.693734856,-28.97575156,8.574127288,3.7,0.266,0.28,4,10,9,1.1456
90,"C2",2024-06-19,6,561.7464,103.632,178.6128,3.351381187,0.709947542,1.518104693,0.22458829,0.086087971,2.608823127,12.8968,5.37366666666667,-4.80645073,-30.57377625,7.87782959,2.4,0.159,0.2,9,32,8,NA
90,"C2",2024-07-11,0.1,561.7464,68.58,202.692,2.912414225,0.744680888,1.465236214,0.151162638,0.06891306,2.193526702,10.8241,3.38253125,-4.299139442,-27.29828768,7.094827856,3.2,0.165,0.17,4,1,0,1.5466
90,"C2",2024-07-11,5,561.7464,68.58,202.692,3.377067849,0.715703161,1.433543561,0.163658132,0.059935836,2.730555582,11.0544,3.25129411764706,-4.353648931,-27.42465856,7.404532888,3.4,0.19,0.2,0,10,6,NA
90,"C2",2024-08-14,0.1,561.7464,68.58,231.648,2.083657153,0.767226865,1.470752527,0.152247227,0.098537737,1.545065188,10.5938,3.5911186440678,-4.163347493,-25.82824638,7.478533564,2.95,0.1265,0.135,2,6.5,3,2.148
90,"C2",2024-08-14,4,561.7464,68.58,231.648,2.486679277,0.75082418,1.401698039,0.15347567,0.068622573,2.236518743,11.515,3.83833333333333,-4.026228757,-26.12010492,6.089725136,3,0.186,0.19,1,3,5,NA
90,"C2",2024-09-16,0.1,561.7464,0.9144,326.7456,1.482379945,0.855977983,1.42524797,0.144250001,0.168570361,0.855725765,9.9029,6.1893125,-3.724643159,-24.90029869,4.896846582,1.6,0.155,0.16,0,5,5,4.1242
90,"C2",2024-09-16,3,561.7464,0.9144,326.7456,1.70090097,0.852741976,1.444320372,0.142076311,0.140920637,1.008200887,9.6726,3.58244444444444,-3.81229194,-25.05094485,5.44739067,2.7,0.176,0.18,0,4,5,NA
90,"C2",2024-09-30,0.1,561.7464,NA,NA,3.372364453,0.701144434,1.453010452,0.184848302,0.071732415,2.576914528,11.7453,3.3558,-3.904416149,-24.73062138,6.504707812,3.5,0.189,0.19,0,1,7,5.5848
90,"C2",2024-09-30,4,561.7464,NA,NA,3.144976471,0.701538892,1.450244906,0.180232752,0.081889698,2.200920955,11.2847,6.63805882352941,-4.042053783,-24.86639503,7.470035234,1.7,0.145,0.15,0,5,7,NA
90,"C2",2024-10-28,0.1,561.7464,82.296,196.2912,3.866837937,0.699574403,1.458896623,0.261082806,0.090159325,2.895793698,14.0483,3.34483333333333,-4.133545303,-26.20245006,6.865912364,4.2,0.274,0.28,2,4,7,5.023
90,"C2",2024-10-28,4,561.7464,82.296,196.2912,4.073823803,0.695925006,1.460095999,0.255375353,0.089337616,2.858542297,13.5877,3.48402564102564,-4.16405997,-26.17953535,7.13294441,3.9,0.246,0.25,0,4,5,NA
90,"C2",2024-12-17,0.1,561.7464,NA,NA,4.306829924,0.683872057,1.467159864,0.256966893,0.073431777,3.499396354,14.0483,4.25706060606061,-4.569661826,-26.97315839,9.584136218,3.3,0.196,0.235,29,10,3,5.327
90,"C2",2024-12-17,4,561.7464,NA,NA,5.042125552,0.699592047,1.499650815,0.249237485,0.070508342,3.534865202,12.8968,3.90812121212121,-4.52356528,-27.40324118,8.78528106,3.3,0.249,0.29,30,11,3,NA
90,"C2",2025-02-26,0.1,561.7464,NA,NA,5.3609101185,0.6291483335,1.4137036925,0.2382562165,0.0635396465,3.750148997,12.55135,4.64864814814815,-5.280053879,-31.54375641,10.696674622,2.7,0.108,0.2,84,8,0,2.40575
90,"C2",2025-02-26,5,561.7464,NA,NA,5.874637537,0.647756472,1.43067592,0.251419665,0.062011603,4.054397152,12.6665,3.42337837837838,-5.127152861,-30.93217428,10.085048608,3.7,0.215,0.315,91,9,1,NA
90,"C2",2025-04-16,0.1,561.7464,NA,NA,4.104015177,0.6696361875,1.426240565,0.218274446,0.0826841865,2.6398324535,13.01195,5.42164583333333,-5.477263185,-30.14268586,13.67541962,2.4,0.192,0.2,0,8,5,3.7805
90,"C2",2025-04-16,5.5,561.7464,NA,NA,3.824755239,0.636135869,1.438445301,0.249686605,0.094311562,2.6762727105,14.39375,5.7575,-5.278466678,-32.3474514,9.880282024,2.5,0.1905,0.2,1,8.5,1.5,NA
92,"C1",2024-05-22,0.1,345.0336,NA,NA,2.866105909,0.675712052,1.396210783,0.176145203,0.067592484,2.605988028,12.6665,3.83833333333333,-5.028527821,-30.96600348,9.262219088,3.3,0.192,0.2,8,0,0,2.6349
92,"C1",2024-05-22,2,345.0336,NA,NA,2.8717593635,0.659644791,1.450274349,0.198317275,0.0778853485,2.5463288225,13.01195,4.33731666666667,-5.191600226,-30.99634441,10.536457398,3,0.21,0.22,2,8,5.5,NA
92,"C1",2024-06-19,0.1,345.0336,103.632,178.6128,2.608768892,0.716232307,1.463876123,0.163894137,0.086427002,1.896330239,11.7453,3.67040625,-4.725342498,-28.90128741,8.901452574,3.2,0.23,0.24,0,10,8,0.7637
92,"C1",2024-06-19,1.5,345.0336,103.632,178.6128,3.389889229,0.692373488,1.434255811,0.179824186,0.067888223,2.656971264,12.32105,3.33001351351351,-4.884750789,-28.52756045,10.550445862,3.7,0.233,0.24,0,7,6,NA
92,"C1",2024-07-11,0.1,345.0336,68.58,202.692,3.164678624,0.718548492,1.50720728,0.159157595,0.071193855,2.235552418,11.515,3.33768115942029,-4.360688747,-27.25117134,7.634338636,3.45,0.103,0.11,2,5,5.5,0.6874
92,"C1",2024-07-11,1,345.0336,68.58,202.692,3.03336531,0.701119448,1.492972677,0.168351032,0.072481403,2.322678988,11.0544,3.4545,-4.307047886,-27.13059373,7.325789358,3.2,0.171,0.18,6,3,7,NA
92,"C1",2024-08-14,0.1,345.0336,68.58,231.648,3.085386043,0.740569439,1.444357176,0.141919708,0.060486606,2.346299732,9.9029,3.30096666666667,-3.904552775,-26.41183387,4.82458833,3,0.212,0.22,3,5,3,1.5752
92,"C1",2024-08-14,0.5,345.0336,68.58,231.648,3.069830097,0.727360111,1.422045371,0.144110013,0.064979256,2.217784918,10.1332,6.75546666666667,-4.056380989,-26.143791,6.307256912,1.5,0.158,0.16,0,2,0,NA
92,"C1",2024-09-16,0.1,335.8896,0.9144,326.7456,5.5600532355,0.58686165,1.542402739,0.4734100215,0.1563417975,3.1259118645,20.0361,5.13746153846154,-4.342574149,-26.76883294,7.971760252,3.9,0.209,0.28,6,65,8,10.5968
92,"C1",2024-09-30,0.1,345.0336,NA,NA,3.758031504,0.662212899,1.442389821,0.181979648,0.06875644,2.646728774,11.7453,3.3558,-3.910946301,-25.4707982,5.816772208,3.5,0.217,0.22,0,3,1,4.3741
92,"C1",2024-09-30,0.6,345.0336,NA,NA,2.99863145,0.674086183,1.427664331,0.211986319,0.096667198,2.192949872,13.5877,3.8822,-4.226349703,-24.72043319,9.090364434,3.5,0.206,0.21,1,3,6,NA
92,"C1",2024-10-28,0.1,345.0336,82.296,196.2912,4.176992768,0.70107109,1.448732675,0.256321207,0.097936592,2.617215906,13.818,4.00521739130435,-4.34607281,-25.04351337,9.72506911,3.45,0.115,0.125,0,10,7,4.7586
92,"C1",2024-10-28,0.5,345.0336,82.296,196.2912,3.597099814,0.705837925,1.443834251,0.257284631,0.082946148,3.101827354,14.0483,3.512075,-4.500447806,-25.28295866,10.720623788,4,0.259,0.27,6,5,5,NA
92,"C1",2024-12-17,0.1,345.0336,NA,NA,9.1899543825,0.5183814665,1.4189877055,0.2956318315,0.0501115385,5.914470443,18.8846,5.24572222222222,-6.510326583,-36.25616249,15.826450174,3.6,0.1675,0.2,7.5,25,1.5,0.1909
92,"C1",2025-02-26,0.1,345.0336,NA,NA,4.8827186845,0.660732609,1.4677978455,0.2499411485,0.076123992,3.325720043,12.8968,3.90812121212121,-5.160701945,-31.05391405,10.23170151,3.3,0.156,0.255,88,11,0,2.9786
92,"C1",2025-02-26,2,345.0336,NA,NA,5.8810744,0.657944101,1.446505269,0.261766809,0.062284545,4.202756983,13.818,4.318125,-5.127045698,-30.95226308,10.064102504,3.2,0.164,0.27,91,15,3,NA
92,"C1",2025-04-16,0.1,345.0336,NA,NA,4.603270308,0.667263892,1.423420165,0.221219565,0.070325882,3.145635134,12.8968,5.05756862745098,-5.345747178,-30.07532987,12.690647554,2.55,0.179,0.185,1,5,1,NA
92,"C1",2025-04-16,1.8,345.0336,NA,NA,4.110792264,0.6598131635,1.4332403545,0.2285075015,0.0811346235,2.8243409675,13.47255,5.6135625,-5.376458895,-31.05075441,11.96091675,2.4,0.179,0.19,2,9,0,NA
96,"B2",2024-05-22,0.1,240.792,NA,NA,3.375565048,0.651485219,1.382910522,0.192512825,0.072386586,2.659509656,13.1271,4.10221875,-4.893330629,-30.53684032,8.609804712,3.2,0.201,0.21,2,7,5,NA
96,"B2",2024-05-22,1.5,240.792,NA,NA,3.184703046,0.659748675,1.424709413,0.192704658,0.077049375,2.50105413,13.1271,3.86091176470588,-5.180295218,-30.79485232,10.647509424,3.4,0.225,0.23,1,4,6,NA
96,"B2",2024-06-19,0.1,240.792,103.632,178.6128,2.598984653,0.659589414,1.454687253,0.215725844,0.121888581,1.769860995,14.9695,4.40279411764706,-4.777355051,-28.899023,9.319817408,3.4,0.188,0.2,3,9,4,1.6229
96,"B2",2024-06-19,1,240.792,103.632,178.6128,3.679461735,0.635326129,1.423314627,0.226377904,0.076370318,2.964213207,16.5816,4.87694117647059,-4.957395167,-28.54816106,11.111000276,3.4,0.206,0.21,2,2,7,NA
96,"B2",2024-07-11,0.1,240.792,68.58,202.692,3.692024852,0.632402073,1.413379467,0.220636864,0.080381509,2.744870889,16.3513,3.71620454545454,-4.241648899,-27.44270845,6.490482742,4.4,0.184,0.19,3,3,10,4.9834
96,"B2",2024-07-11,0.5,240.792,68.58,202.692,3.399183492,0.624794381,1.42400759,0.237100459,0.100894649,2.349980518,16.8119,4.42418421052632,-4.295729911,-27.55382628,6.812013008,3.8,0.255,0.27,4,11,4,NA
96,"B2",2024-08-14,0.1,245.364,68.58,231.648,4.4892850425,0.5949534585,1.444678008,0.235929927,0.071028785,3.3223908565,15.31495,5.10498333333333,-4.530404177,-28.69007855,7.553154866,3,0.181,0.19,9,0,10,7.2555
96,"B2",2024-09-30,0.1,240.792,NA,NA,9.222155183,0.543658883,1.403483111,0.366844355,0.069470602,5.280569683,23.03,5.83037974683544,-5.777414834,-31.4398176,14.779501072,3.95,0.139,0.165,22.5,3.5,8,0
96,"B2",2024-10-28,0.1,240.792,82.296,196.2912,4.691166375,0.621832273,1.429482082,0.303019594,0.089406612,3.389230261,18.6543,4.90902631578947,-4.137590788,-26.11142548,6.989300824,3.8,0.227,0.23,0,3,8,5.728
96,"B2",2024-12-17,0.1,240.792,NA,NA,9.552391237,0.529701047,1.41793602,0.291365717,0.049631284,5.870606105,19.8058,5.42624657534247,-6.584034437,-36.32850916,16.343766336,3.65,0.1705,0.18,4.5,5,1.5,0.0859
96,"B2",2025-02-26,0.1,240.792,NA,NA,6.257109181,0.572604079,1.415970177,0.187988486,0.042075314,4.467904472,11.7453,4.27101818181818,-6.40085875,-36.61330319,14.59356681,2.75,0.095,0.125,22.5,7.5,2,0.3437
96,"B2",2025-02-26,1.7,240.792,NA,NA,4.515121727,0.637070753,1.461399329,0.263334173,0.077774186,3.385881426,14.7392,4.606,-5.195237796,-31.18971233,10.372190038,3.2,0.155,0.25,82,13,1,NA
96,"B2",2025-04-16,0.1,240.792,NA,NA,3.89189202,0.650928839,1.430360632,0.238432278,0.091255904,2.612787427,13.5877,5.43508,-5.4980908,-30.76580913,13.21891727,2.5,0.192,0.2,0,8,3,2.9786
96,"B2",2025-04-16,0.9,240.792,NA,NA,5.054270047,0.619672679,1.391218154,0.218963297,0.071085033,3.080301,13.3574,4.04769696969697,-5.557159575,-33.21743898,11.23983762,3.3,0.159,0.165,0,6,0,NA
98,"B1",2024-05-22,0.1,188.6712,NA,NA,3.515425648,0.61937829,1.435536927,0.235712,0.085500558,2.756847522,16.121,5.20032258064516,-5.19159132,-30.98460392,10.54812664,3.1,0.197,0.21,0,13,6,13.9381
98,"B1",2024-05-22,0.5,188.6712,NA,NA,4.694980853,0.594372169,1.417724114,0.208563889,0.063342856,3.292618971,14.0483,4.53170967741935,-6.10486486,-35.3615565,13.47736238,3.1,0.203,0.24,29,8,6,NA
98,"B1",2024-06-19,0.1,188.6712,103.632,178.6128,3.794135654,0.610540391,1.436473743,0.240199991,0.09029408,2.660196458,16.5816,4.606,-4.496117172,-29.19008706,6.778850316,3.6,0.219,0.24,6,15,12,1.9093
98,"B1",2024-06-19,0.3,188.6712,103.632,178.6128,2.792871155,0.632015423,1.448994143,0.242851214,0.138008866,1.759678352,17.2725,4.935,-4.671290188,-30.15311862,7.217202884,3.5,0.24,0.26,13,7,6,NA
98,"B1",2024-07-11,0.1,204.216,68.58,202.692,4.979686036,0.537553515,1.4467105825,0.435628821,0.129222496,3.360257606,23.03,5.61707317073171,-5.389935382,-30.55400624,12.565476816,4.1,0.1535,0.165,3.5,8,7.5,23.1984
98,"B1",2024-08-14,0.1,236.22,68.58,231.648,10.99657764,0.500305314,1.432679952,0.508049278,0.08305155,6.117276324,25.5633,5.80984090909091,-5.407426529,-33.38578607,9.873626162,4.4,0.18,0.21,20,10,6,3.8664
98,"B1",2024-09-30,0.1,188.6712,NA,NA,9.256479855,0.538052467,1.396200306,0.36624514,0.057118043,6.412074417,23.03,5.23409090909091,-5.9367183,-31.04662358,16.44712282,4.4,0.147,0.17,19,4,8,0.1591
98,"B1",2024-10-28,0.1,197.8152,82.296,196.2912,5.501946261,0.572741442,1.479803826,0.148822902,0.035362896,4.208447799,7.8302,7.11836363636364,-6.07085404,-34.52183778,14.04499454,1.1,0.054,0.12,59,7,6,2.8811
98,"B1",2024-12-17,0.1,188.6712,NA,NA,8.635666944,0.53216999,1.398193241,0.273645627,0.04496444,6.085823054,19.5755,5.593,-6.498439487,-36.52803509,15.459480806,3.5,0.1755,0.185,3.5,6,2.5,0.1718
98,"B1",2025-02-26,0.1,188.6712,NA,NA,8.5378973135,0.5405981565,1.382351328,0.14987705,0.0329589145,4.790239493,8.9817,3.99186666666667,-6.645164557,-37.62457611,15.536740346,2.25,0.1355,0.155,16,3.5,0.5,0.2578
98,"B1",2025-02-26,1,188.6712,NA,NA,5.628242621,0.577003794,1.419121817,0.189566837,0.047444427,3.995555421,10.8241,3.73244827586207,-6.406283518,-35.56623412,15.684034024,2.9,0.148,0.19,33,9,2,NA
98,"B1",2025-04-16,0.1,188.6712,NA,NA,8.004639334,0.5350391565,1.3608886825,0.1489814115,0.0289374955,5.152772795,10.1332,6.75546666666667,-6.186700424,-37.84904475,11.644558642,1.5,0.094,0.1,0,6,0,0.9165
98,"B1",2025-04-16,0.8,188.6712,NA,NA,7.643117871,0.547711931,1.395443105,0.159345615,0.04248398,3.750722393,10.1332,4.606,-6.148116262,-37.29451435,11.890415746,2.2,0.154,0.16,0,6,1,NA
100,"S2",2024-05-22,0.1,124.0536,NA,NA,6.784035003,0.556604973,1.3985726895,0.1703279955,0.040495619,4.2277105645,10.93925,4.75619565217391,-6.758875013,-38.99862338,15.072376724,2.3,0.095,0.15,53,2,8,0.2291
100,"S2",2024-06-19,0.1,100.584,103.632,178.6128,6.031801189,0.568330418,1.444046316,0.178372308,0.0523060625,3.440305863,9.78775,4.893875,-6.462626804,-36.77873716,14.922277272,2,0.072,0.35,273,5,6,0.5728
100,"S2",2024-07-11,0.1,65.532,68.58,202.692,5.35295528,0.561259466,1.474172676,0.275341601,0.093040965,2.959358826,14.7392,6.016,-5.889462298,-32.72991361,14.385784774,2.45,-0.03,0.195,211,14,7.5,0.7235
100,"S2",2024-08-14,0.1,65.532,68.58,231.648,12.447150575,0.534484393,1.4489920475,0.275030117,0.0383221905,7.1764593295,14.16345,5.058375,-6.382777612,-37.71284019,13.349380706,2.8,0.11,0.24,129,1,9,0.3819
100,"S2",2024-09-30,0.1,124.0536,NA,NA,7.566015836,0.542782262,1.411467075,0.350230005,0.065780284,5.324239802,22.7997,6.909,-5.914295227,-31.83093004,15.483431776,3.3,0.089,0.12,26,5,7,0.158
100,"S2",2024-10-28,0.1,80.772,82.296,196.2912,10.54522971,0.56101924,1.444617883,0.146287388,0.022610713,6.469826405,8.7514,6.73184615384615,-6.027239698,-35.00816677,13.209750814,1.3,0.064,0.08,16,0,7,0.0974
100,"S2",2024-12-17,0.1,124.0536,NA,NA,8.76089248,0.517182527,1.429314809,0.265562861,0.045026033,5.897984871,18.424,5.41882352941176,-6.542602311,-36.7293708,15.611447688,3.4,0.093,0.1,3,4,0,0.1809
100,"S2",2025-02-26,0.1,124.0536,NA,NA,9.045538334,0.53492806,1.387362052,0.146377574,0.024143788,6.062742654,9.212,3.92,-6.702037035,-37.85576779,15.76052849,2.35,0.1235,0.145,16,5.5,0.5,0.2929
100,"S2",2025-04-16,0.1,124.0536,NA,NA,6.274425139,0.540096314,1.365541937,0.14439002,0.027606523,5.23028624,8.9817,3.32655555555556,-6.761950424,-36.13447962,17.961123772,2.7,0.131,0.14,2.5,6.5,2,0.4296
101,"S1",2024-05-22,0.1,0,NA,NA,8.344072098,0.537091285,1.396852137,0.171774391,0.03527018,4.87024423,10.8241,4.32964,-6.844486664,-38.9191347,15.836758612,2.5,0.163,0.2,30,7,12,0.3437
101,"S1",2024-06-19,0.1,0,103.632,178.6128,7.6297879545,0.5360508995,1.451813586,0.218697678,0.0490395815,4.4616377075,13.24225,5.405,-6.599631135,-36.73114302,16.06590606,2.45,0.1365,0.345,198.5,10,9,0.1909
101,"S1",2024-07-11,0.1,0,68.58,202.692,9.5877360585,0.5486186975,1.4966735405,0.2999987345,0.0710151825,4.389008436,16.00585,5.51925862068966,-5.930409702,-33.13066869,14.312608926,2.9,0.146,0.335,177.5,11.5,8.5,0.6874
101,"S1",2024-08-14,0.1,0,68.58,231.648,11.384610878,0.5288473555,1.459281918,0.297417632,0.055520048,5.8692572905,15.8907,5.67525,-6.35686971,-37.5941415,13.26081618,2.8,0.115,0.22,100,5,9,0.3819
101,"S1",2024-09-16,0.1,0,0.9144,326.7456,7.16266729,0.565203154,1.4784752555,0.2546414685,0.0730844975,3.89148041,12.8968,9.212,-5.68204915,-33.18886481,12.26752839,1.4,0.095,0.2,96,9,7,0.703
101,"S1",2024-09-30,0.1,0,NA,NA,10.558055,0.523768151,1.415186254,0.37175854,0.060754258,6.119053198,23.2603,5.815075,-6.025862356,-31.51148578,16.695413068,4,0.1325,0.155,19,3.5,5.5,0.3139
101,"S1",2024-10-28,0.1,0,82.296,196.2912,7.018291673,0.532772332,1.49424708,0.168499818,0.057007773,3.2827679755,10.3635,7.4025,-6.394215546,-34.53565381,16.618070558,1.4,0.066,0.07,0,4,6,0.1964
101,"S1",2024-12-17,0.1,0,NA,NA,9.5574943075,0.524726073,1.41882833,0.269306151,0.0473542555,5.703879651,17.9634,4.72721052631579,-6.595252148,-36.60563626,16.156380924,3.8,0.1775,0.19,5,7.5,2.5,0.5155
101,"S1",2025-02-26,0.1,0,NA,NA,8.149199724,0.5406828625,1.3868120295,0.147839644,0.024655073,6.034366485,8.9817,3.32655555555556,-6.638724124,-37.53491071,15.574882282,2.7,0.1495,0.175,17,8.5,2,0.2713
101,"S1",2025-04-16,0.1,0,NA,NA,7.4144108935,0.54328568,1.390517501,0.140472555,0.0258074195,5.4453377995,9.55745,4.66217073170732,-6.67692581,-36.56923194,16.84617454,2.05,0.1245,0.13,1,4.5,11.5,0.3618
